power_W,duration_s,wall_thickness_mm,bottom_buffer_mm,cooling_h_W_per_m2K,insertion_depth_mm,nx,ny,dt_s,source_smoothing_mm,lesion_depth_mm,lesion_width_mm,lesion_area_mm2,depth_to_width_ratio,depth_fraction,transmural,overheat_area_mm2,peak_temperature_C,name
30.0,30.0,4.0,4.0,1500.0,1.0,281,141,0.05,0.2,2.7550288044576625,3.6450408277019326,8.052244897959229,0.7558293403793256,0.6887572011144156,False,0.0,65.76571451583307,standard_30W_30s
50.0,10.0,4.0,4.0,1500.0,1.0,281,141,0.05,0.2,1.7641540057025002,3.1514651854000872,4.466938775510229,0.5597885116660541,0.44103850142562506,False,0.0,72.13923982573938,hpsd_50W_10s
90.0,4.0,4.0,4.0,1500.0,1.0,281,141,0.05,0.2,1.302022709167702,3.1079398109863403,3.4861224489796108,0.4189343386140062,0.3255056772919255,False,0.0,83.45958660172624,vhpsd_90W_4s
