power_W,duration_s,wall_thickness_mm,cooling_h_W_per_m2K,nx,ny,dt_s,lesion_depth_mm,depth_fraction,transmural,overheat_area_mm2,peak_temperature_C,case
50.0,10.0,4.0,1500.0,241,121,0.1,1.2000000000000002,0.30000000000000004,False,0.0,93.9119851443181,dt_0.100
50.0,10.0,4.0,1500.0,241,121,0.05,1.2000000000000002,0.30000000000000004,False,0.0,93.92565672859952,dt_0.050
50.0,10.0,4.0,1500.0,241,121,0.025,1.2000000000000002,0.30000000000000004,False,0.0,93.93247561612928,dt_0.025
