power_W,duration_s,wall_thickness_mm,cooling_h_W_per_m2K,nx,ny,dt_s,lesion_depth_mm,depth_fraction,transmural,overheat_area_mm2,peak_temperature_C,case
50.0,10.0,4.0,1500.0,161,81,0.05,1.1,0.275,False,0.0,83.735484324703,grid_161x81
50.0,10.0,4.0,1500.0,241,121,0.05,1.2000000000000002,0.30000000000000004,False,0.0,93.92565672859952,grid_241x121
50.0,10.0,4.0,1500.0,321,161,0.05,1.25,0.3125,False,0.009375000000000052,102.6050351093447,grid_321x161
