power_W,duration_s,wall_thickness_mm,bottom_buffer_mm,cooling_h_W_per_m2K,insertion_depth_mm,nx,ny,dt_s,source_smoothing_mm,lesion_depth_mm,lesion_width_mm,lesion_area_mm2,depth_to_width_ratio,depth_fraction,transmural,overheat_area_mm2,peak_temperature_C,case
50.0,10.0,4.0,4.0,1500.0,1.0,281,141,0.1,0.2,1.7651414198010003,3.1516579743488284,4.466938775510229,0.5600675689327299,0.44128535495025006,False,0.0,72.1067455856304,dt_0.100
50.0,10.0,4.0,4.0,1500.0,1.0,281,141,0.05,0.2,1.7641540057025002,3.1514651854000872,4.466938775510229,0.5597885116660541,0.44103850142562506,False,0.0,72.13923982573938,dt_0.050
50.0,10.0,4.0,4.0,1500.0,1.0,281,141,0.025,0.2,1.7636590466997366,3.151369475349389,4.466938775510229,0.5596484514099069,0.44091476167493415,False,0.0,72.15547877072694,dt_0.025
