name,power_W,duration_s,lesion_depth_mm,peak_temperature_C,overheat_area_mm2,transmural
standard_30W_30s,30.0,30.0,1.4333333333333333,72.78606929406729,0.0,False
hpsd_50W_10s,50.0,10.0,1.2000000000000002,93.92565672859952,0.0,False
vhpsd_90W_4s,90.0,4.0,0.9666666666666667,132.1843127838419,0.21333333333333204,False
